{"cameraMode":{"drawMode":0,"name":"Shaded","section":"Shading Mode"},"sceneLighting":true,"audioPlay":false,"sceneViewState":{"m_AlwaysRefresh":false,"showFog":true,"showSkybox":true,"showFlares":true,"showImageEffects":true,"showParticleSystems":true,"showVisualEffectGraphs":true,"m_FxEnabled":true},"in2DMode":false,"pivot":{"x":-2.774869680404663,"y":2.0522775650024416,"z":-1.0499119758605958},"rotation":{"x":-0.1852307915687561,"y":-0.013780517503619194,"z":0.003019966883584857,"w":-0.9826979041099548},"size":2.5735998153686525,"orthographic":false}